{"80ot2LIgJLyK99OkJPqi4w==":"22222.gif","jTc6IDelF2WErLnxp0J7MA==":"55555.gif","ihlkf69UyfSmhSyJ1Jvc6w==":"jumbotron.jpg","Ly+mdm63lVz6CqSX2vcU6g==":"background3.jpg","aQ+68splk+XQhuunCFiS4g==":"rmhmrr.gif","q/HWp/ndcxAQMSfLo+zjGw==":"tlf-191x204.jpg","NS+A6lWSeaXswyUppsMcmw==":"arac-261x193.png","z/I0Ukz5p5QAJOeuAGxG7w==":"mbr-676x418.jpg","/s6UuDKzLwwtXyZ6T4Kh4Q==":"mobirise2018929_120292018-9-1_13-12-23.jpg","ei5MPmnW6dfOxW9Navssxw==":"44444.gif","Lb/ZLovS3CNu/jJ2DUyTmw==":"tlf-1-191x204.jpg","GCIkEB8Q9LxoDTz/fnR71Q==":"%C3%A7ak%C4%B1c%C4%B1%20usta-452x396.png","zQHI0gpfnMeyBuw33i8wpQ==":"balikesirrharita-590x508.png","aqgYu+dX1Pa67VMuhqeciQ==":"aswasasasasa.gif","x1BA1s70NVH/SMzxNBKriQ==":"98765413210-77x83.png","XAoyR5/MLFlvP3h7hfHTbA==":"mbr-1920x1170.jpg","jnddgJP1oJTtPSe19UOYNw==":"asdsefweweweweewrrrferfregfgefgre-250x115.jpg","HFPJ4qwuCwbyJKhQiUjWFg==":"4654651465468464646546456-250x115.jpg","87kcnWmyl4WicqtNv5ZfYg==":"yediyirmidort-156x143.png","tSHG16P1JKrXDgoJ5F0fUQ==":"tlf-2-191x204.jpg","+dI5rAtqXh7y7GqLtYwdXQ==":"har-700x588.png","e3Gw4hBeQiLR4g5uH68l9g==":"11111.gif","dmTETRdvT5u8ZBZMasof8w==":"logo-376x174.jpg","IQ175361MD6MwlCj0USrdQ==":"77777.gif","4T+2qeQ7QEmvnCXe602K5A==":"33333.gif","q3J/4+iSyCdIrAORNgcYlg==":"b123-153x300.jpg","5F3+RBONLTj0+7N0dqy4oQ==":"b321-125x300.jpg","vME2gTqHxnHMcadfsDYERQ==":"c123-195x287.png","WsIcnWnQABbXxMa7uh2Urg==":"c432-224x300.png","814w1lRZk/z3dfjaQQ5JmQ==":"logo-262x127.png","a37fvc/kCLAmahXE15X7Dw==":"logo-382x177.jpg","sKaQXBvuYChafK6/gU4q+A==":"mbr-376x226.jpg","rI4UFisZOv0mvgo90/KFfg==":"eservis-376x188.png","6SJhbI5XGBMkzhvtRsOOsg==":"mus-376x167.png","wPvtY/Dzkumq7/uKMe8s7Q==":"ecalogo-250x240.png","c2Xi9AM5wNLE81oXzvxLsQ==":"rmhmrr-1.gif","P3uV2WcfitOXAUhEsnKl1Q==":"3333-600x410.jpg","FT1SxFdeXiT3DdDQl9DUsw==":"111-400x300.jpg","hz4xdVkTOvwbmuTOWi7fpg==":"88888.gif","COXsTwFLsGO60ua3Nn921w==":"tlf-3-191x204.jpg","0OOE1Usrtktm437Z/qTMRQ==":"background2.jpg","qgOaE0XYXgzUQu9qZNOfdQ==":"logooooooooo-410x123.jpg","HZ0GhT861piw5aZHQouTeg==":"logo-240x111.jpg","uBm2n90UN8AePiwyGPD/CA==":"arac-1-261x193.png"}